brand,model,top_speed_kmh,battery_capacity_kWh,battery_type,number_of_cells,torque_nm,efficiency_wh_per_km,range_km,acceleration_0_100_s,fast_charging_power_kw_dc,fast_charge_port,towing_capacity_kg,cargo_volume_l,seats,drivetrain,segment,length_mm,width_mm,height_mm,car_body_type,source_url
Abarth,500e Convertible,155,37.8,Lithium-ion,192,235,156,225,7,67,CCS,0,185,4,FWD,B - Compact,3673,1683,1518,Hatchback,https: //ev-database.org/car/1904/Abarth-500e-Convertible
Abarth,500e Hatchback,155,37.8,Lithium-ion,192,235,149,225,7,67,CCS,0,185,4,FWD,B - Compact,3673,1683,1518,Hatchback,https: //ev-database.org/car/1903/Abarth-500e-Hatchback
Abarth,600e Scorpionissima,200,50.8,Lithium-ion,102,345,158,280,5.9,79,CCS,0,360,5,FWD,JB - Compact,4187,1779,1557,SUV,https: //ev-database.org/car/3057/Abarth-600e-Scorpionissima
Abarth,600e Turismo,200,50.8,Lithium-ion,102,345,158,280,6.2,79,CCS,0,360,5,FWD,JB - Compact,4187,1779,1557,SUV,https: //ev-database.org/car/3056/Abarth-600e-Turismo
Aiways,U5,150,60,Lithium-ion,,310,156,315,7.5,78,CCS,,496,5,FWD,JC - Medium,4680,1865,1700,SUV,https: //ev-database.org/car/1678/Aiways-U5
Aiways,U6,160,60,Lithium-ion,,315,150,350,7,78,CCS,,472,5,FWD,JC - Medium,4805,1880,1641,SUV,https: //ev-database.org/car/1766/Aiways-U6
Alfa,Romeo Junior Elettrica 54 kWh,150,50.8,Lithium-ion,102,260,128,320,9,85,CCS,0,400,5,FWD,JB - Compact,4173,1781,1532,SUV
Alfa,Romeo Junior Elettrica 54 kWh Veloce,200,50.8,Lithium-ion,102,345,164,310,6,85,CCS,0,400,5,FWD,JB - Compact,4173,1781,1505,SUV
Alpine,A290 Electric 180 hp,160,52,Lithium-ion,184,285,138,310,7.4,70,CCS,500,326,5,FWD,B - Compact,3997,1823,1512,Hatchback
Alpine,A290 Electric 220 hp,170,52,Lithium-ion,184,300,144,305,6.4,70,CCS,500,326,5,FWD,B - Compact,3997,1823,1512,Hatchback
Audi,A6 Avant e-tron,210,75.8,Lithium-ion,150,435,146,465,6,150,CCS,2100,502,5,RWD,JE - Executive,4928,1923,1455,Station/Estate
Audi,A6 Avant e-tron performance,210,94.9,Lithium-ion,180,565,151,575,5.4,200,CCS,2100,502,5,RWD,JE - Executive,4928,1923,1455,Station/Estate
Audi,A6 Avant e-tron quattro,210,94.9,Lithium-ion,180,855,157,560,4.5,200,CCS,2100,502,5,AWD,JE - Executive,4928,1923,1455,Station/Estate
Audi,A6 Sportback e-tron,210,75.8,Lithium-ion,150,435,136,495,6,150,CCS,2100,502,5,RWD,JE - Executive,4928,1923,1455,Liftback Sedan
Audi,A6 Sportback e-tron performance,210,94.9,Lithium-ion,180,565,141,610,5.4,200,CCS,2100,502,5,RWD,JE - Executive,4928,1923,1455,Liftback Sedan
Audi,A6 Sportback e-tron quattro,210,94.9,Lithium-ion,180,855,147,590,4.7,200,CCS,2100,502,5,AWD,JE - Executive,4928,1923,1455,Liftback Sedan
Audi,Q4 Sportback e-tron 40,160,59,Lithium-ion,216,310,156,340,8.1,110,CCS,1000,520,5,RWD,JC - Medium,4588,1865,1614,SUV
Audi,Q4 Sportback e-tron 45,180,77,Lithium-ion,288,545,162,435,6.7,120,CCS,1000,535,5,RWD,JC - Medium,4588,1865,1614,SUV
Audi,Q4 Sportback e-tron 45 quattro,180,77,Lithium-ion,288,679,165,410,6.6,120,CCS,1200,535,5,AWD,JC - Medium,4588,1865,1614,SUV
Audi,Q4 Sportback e-tron 55 quattro,180,77,Lithium-ion,288,679,165,415,5.4,120,CCS,1200,535,5,AWD,JC - Medium,4588,1865,1614,SUV
Audi,Q4 e-tron 40,160,59,Lithium-ion,216,310,159,325,8.1,110,CCS,1000,520,5,RWD,JC - Medium,4588,1865,1632,SUV
Audi,Q4 e-tron 45,180,77,Lithium-ion,288,545,169,420,6.7,120,CCS,1000,520,5,RWD,JC - Medium,4588,1865,1632,SUV
Audi,Q4 e-tron 45 quattro,180,77,Lithium-ion,288,679,171,395,6.6,120,CCS,1200,520,5,AWD,JC - Medium,4588,1865,1632,SUV
Audi,Q4 e-tron 55 quattro,180,77,Lithium-ion,288,679,171,395,5.4,120,CCS,1200,520,5,AWD,JC - Medium,4588,1865,1632,SUV
Audi,Q6 e-tron,210,75.8,Lithium-ion,150,450,166,395,7,150,CCS,2000,526,5,RWD,JD - Large,4771,1939,1685,SUV
Audi,Q6 e-tron Sportback,210,75.8,Lithium-ion,150,450,139,410,7,150,CCS,2000,511,5,RWD,JD - Large,4771,1939,1665,SUV
Audi,Q6 e-tron Sportback performance,210,94.9,Lithium-ion,180,485,145,510,6.6,190,CCS,2000,511,5,RWD,JD - Large,4771,1939,1665,SUV
Audi,Q6 e-tron Sportback quattro,210,94.9,Lithium-ion,180,855,149,500,5.9,200,CCS,2400,511,5,AWD,JD - Large,4771,1939,1665,SUV
Audi,Q6 e-tron performance,210,94.9,Lithium-ion,180,485,171,490,6.6,190,CCS,2000,526,5,RWD,JD - Large,4771,1939,1685,SUV
Audi,Q6 e-tron quattro,210,94.9,Lithium-ion,180,855,176,480,5.9,200,CCS,2400,10 Banana Boxes,5,AWD,JD - Large,4771,1939,1685,SUV
Audi,S6 Avant e-tron,240,94.9,Lithium-ion,180,855,156,530,3.9,200,CCS,2100,502,5,AWD,JE - Executive,4928,1923,1493,Station/Estate
Audi,S6 Sportback e-tron,240,94.9,Lithium-ion,180,855,149,555,3.9,200,CCS,2100,502,5,AWD,JE - Executive,4928,1923,1465,Liftback Sedan
Audi,SQ6 e-tron,230,94.9,Lithium-ion,180,855,169,470,4.3,200,CCS,2400,514,5,AWD,JD - Large,4771,1965,1685,SUV
Audi,SQ6 e-tron Sportback,230,94.9,Lithium-ion,180,855,164,495,4.3,200,CCS,2400,511,5,AWD,JD - Large,4771,1965,1665,SUV
Audi,e-tron GT RS,250,97,Lithium-ion,396,865,184,525,2.8,281,CCS,0,350,4,AWD,F - Luxury,4997,1964,1389,Sedan
Audi,e-tron GT RS performance,250,97,Lithium-ion,396,1027,182,525,2.5,281,CCS,0,350,4,AWD,F - Luxury,4997,1964,1389,Sedan
Audi,e-tron GT S,245,97,Lithium-ion,396,740,172,540,3.4,281,CCS,0,405,4,AWD,F - Luxury,5004,1964,1394,Sedan
Audi,e-tron GT quattro,245,97,Lithium-ion,396,625,169,540,4,281,CCS,0,405,4,AWD,F - Luxury,5004,1964,1394,Sedan
BMW,i4 M50,225,81.3,Lithium-ion,,795,197,450,3.9,131,CCS,1600,470,5,AWD,D - Large,4783,1852,1448,Liftback Sedan
BMW,i4 eDrive35,190,67.1,Lithium-ion,,400,174,430,6,95,CCS,1600,470,5,RWD,D - Large,4783,1852,1448,Liftback Sedan
BMW,i4 eDrive40,190,81.3,Lithium-ion,,430,174,515,5.6,131,CCS,1600,470,5,RWD,D - Large,4783,1852,1448,Liftback Sedan
BMW,i4 xDrive40,200,81.3,Lithium-ion,,600,183,490,5.1,131,CCS,1600,470,5,AWD,D - Large,4783,1852,1448,Liftback Sedan
BMW,i5 M60 xDrive Sedan (MY25),230,81.2,Lithium-ion,,795,172,430,3.8,136,CCS,2000,490,5,AWD,E - Executive,5060,1900,1505,Sedan
BMW,i5 M60 xDrive Touring (MY25),230,81.2,Lithium-ion,,795,179,425,3.9,136,CCS,2000,570,5,AWD,E - Executive,5060,1900,1505,Station/Estate
BMW,i5 eDrive40 Sedan (MY25),193,81.2,Lithium-ion,,400,159,480,6,136,CCS,1500,490,5,RWD,E - Executive,5060,1900,1515,Sedan
BMW,i5 eDrive40 Touring (MY25),193,81.2,Lithium-ion,,400,165,465,6.1,136,CCS,1500,570,5,RWD,E - Executive,5060,1900,1515,Station/Estate
BMW,i5 xDrive40 Sedan (MY25),215,81.2,Lithium-ion,,590,167,465,5.4,136,CCS,2000,490,5,AWD,E - Executive,5060,1900,1515,Sedan
BMW,i5 xDrive40 Touring (MY25),215,81.2,Lithium-ion,,590,174,450,5.5,136,CCS,2000,570,5,AWD,E - Executive,5060,1900,1515,Station/Estate
BMW,i7 M70 xDrive,250,101.7,Lithium-ion,,1100,208,490,3.7,159,CCS,0,500,5,AWD,F - Luxury,5391,1950,1544,Sedan
BMW,i7 eDrive50,205,101.7,Lithium-ion,,650,177,520,5.5,159,CCS,0,500,5,RWD,F - Luxury,5391,1950,1544,Sedan
BMW,i7 xDrive60,240,101.7,Lithium-ion,,745,172,510,4.7,159,CCS,2000,500,5,AWD,F - Luxury,5391,1950,1544,Sedan
BMW,iX M70 xDrive,250,108.9,Lithium-ion,,1015,209,500,3.8,150,CCS,2500,500,5,AWD,JE - Executive,4965,1970,1695,SUV
BMW,iX xDrive45,200,94.8,Lithium-ion,,700,193,470,5.1,115,CCS,2500,500,5,AWD,JE - Executive,4965,1970,1695,SUV
BMW,iX xDrive60,200,109.1,Lithium-ion,,765,194,525,4.6,150,CCS,2500,500,5,AWD,JE - Executive,4965,1970,1695,SUV
BMW,iX1 eDrive20,170,64.7,Lithium-ion,,247,150,390,8.3,94,CCS,750,490,5,FWD,JC - Medium,4500,1845,1616,SUV
BMW,iX1 xDrive30,180,64.7,Lithium-ion,,494,155,380,5.6,94,CCS,1200,490,5,AWD,JC - Medium,4500,1845,1616,SUV
BMW,iX2 eDrive20,170,64.7,Lithium-ion,,247,147,395,8.6,94,CCS,750,525,5,FWD,JC - Medium,4554,1845,1560,SUV
BMW,iX2 xDrive30,180,64.7,Lithium-ion,,494,155,385,5.6,94,CCS,1200,525,5,AWD,JC - Medium,4554,1845,1560,SUV
BMW,i4 M50,225,81.3,Lithium-ion,,795,197,450,3.9,131,CCS,1600,470,5,AWD,D - Large,4783,1852,1448,Liftback Sedan
BMW,i4 eDrive35,190,67.1,Lithium-ion,,400,174,430,6,95,CCS,1600,470,5,RWD,D - Large,4783,1852,1448,Liftback Sedan
BYD,ATTO 2,160,45.1,Lithium-ion,,290,145,245,7.9,51,CCS,750,400,5,FWD,JB - Compact,4310,1830,1675,SUV
BYD,ATTO 3 (MY25),160,60.5,Lithium-ion,126,310,144,340,7.3,75,CCS,750,440,5,FWD,JC - Medium,4455,1875,1615,SUV
BYD,DOLPHIN 44.9 kWh Active,150,44.9,Lithium-ion,104,180,132,265,12.3,50,CCS,0,345,5,FWD,C - Medium,4290,1770,1570,Hatchback
BYD,DOLPHIN 44.9 kWh Boost,160,44.9,Lithium-ion,104,,145,260,8,50,CCS,0,345,5,FWD,C - Medium,4290,1770,1570,Hatchback
BYD,DOLPHIN 60.4 kWh,160,60.5,Lithium-ion,126,310,142,350,7,65,CCS,0,345,5,FWD,C - Medium,4290,1770,1570,Hatchback
BYD,DOLPHIN SURF 30 kWh Active,150,30,Lithium-ion,94,175,136,190,11.1,45,CCS,0,308,4,FWD,B - Compact,3990,1720,1590,Hatchback
BYD,DOLPHIN SURF 43.2 kWh Boost,150,43.2,Lithium-ion,90,175,134,270,12.1,60,CCS,0,308,4,FWD,B - Compact,3990,1720,1590,Hatchback
BYD,DOLPHIN SURF 43.2 kWh Comfort,150,43.2,Lithium-ion,90,220,139,265,9.1,60,CCS,0,308,4,FWD,B - Compact,3990,1720,1590,Hatchback
BYD,SEAL 61.4 kWh RWD Comfort,220,61.4,Lithium-ion,128,380,133,365,7.5,75,CCS,750,400,5,RWD,D - Large,4800,1875,1460,Sedan
BYD,SEAL 82.5 kWh AWD Excellence,180,82.5,Lithium-ion,172,670,159,445,3.8,100,CCS,1500,400,5,AWD,D - Large,4800,1875,1460,Sedan
BYD,SEAL 82.5 kWh RWD Design,180,82.5,Lithium-ion,172,360,145,480,5.9,100,CCS,750,400,5,RWD,D - Large,4800,1875,1460,Sedan
BYD,SEAL U 71.8 kWh Comfort,175,71.8,Lithium-ion,132,310,171,360,9.3,72,CCS,1300,552,5,FWD,JD - Large,4785,1890,1668,SUV
BYD,SEAL U 87 kWh Design,175,87,Lithium-ion,160,330,174,425,9.6,85,CCS,1300,552,5,FWD,JD - Large,4785,1890,1668,SUV
BYD,SEALION 7 82.5 kWh AWD Design,215,82.5,Lithium-ion,172,690,181,400,4.5,115,CCS,1500,520,5,AWD,JD - Large,4830,1925,1620,SUV
BYD,SEALION 7 82.5 kWh RWD Comfort,215,82.5,Lithium-ion,172,380,171,415,6.7,115,CCS,750,520,5,RWD,JD - Large,4830,1925,1620,SUV
BYD,SEALION 7 91.3 kWh AWD Excellence,215,91.3,Lithium-ion,,690,182,430,4.5,165,CCS,1500,520,5,AWD,JD - Large,4830,1925,1620,SUV
BYD,TANG Flagship,190,108.8,Lithium-ion,,700,205,460,4.9,100,CCS,1500,235,7,AWD,JE - Executive,4970,1955,1745,SUV
CUPRA,Born 170 kW - 59 kWh,160,59,Lithium-ion,216,310,156,360,6.7,110,CCS,0,385,5,RWD,C - Medium,4322,1809,1540,Hatchback
CUPRA,Born 170 kW - 77 kWh,160,77,Lithium-ion,288,310,157,460,7,125,CCS,0,385,5,RWD,C - Medium,4322,1809,1540,Hatchback
CUPRA,Born VZ,200,79,Lithium-ion,288,545,149,465,5.6,135,CCS,0,385,5,RWD,C - Medium,4322,1809,1538,Hatchback
CUPRA,Tavascan Endurance,180,77,Lithium-ion,288,545,142,445,6.8,120,CCS,1000,540,5,RWD,JC - Medium,4644,1861,1597,SUV
CUPRA,Tavascan VZ,180,77,Lithium-ion,288,545,150,425,5.5,120,CCS,1200,540,5,AWD,JC - Medium,4644,1861,1597,SUV
Cadillac,Lyriq 600 E4,210,102,Lithium-ion,288,610,192,460,5.3,165,CCS,1587,793,5,AWD,JF - Luxury,5005,1977,1623,SUV
Citroen,e-Berlingo M 50 kWh,132,50,Lithium-ion,,260,149,235,11.7,80,CCS,750,775,5,FWD,N - Passenger Van,4403,1921,1803,Small Passenger Van
Citroen,e-Berlingo XL 50 kWh,132,50,Lithium-ion,,260,149,230,11.7,80,CCS,750,1050,7,FWD,N - Passenger Van,4753,1921,1814,Small Passenger Van
Citroen,e-C3,135,44,Lithium-ion,,120,135,255,11.5,60,CCS,550,310,5,FWD,B - Compact,4015,1755,1577,Hatchback
Citroen,e-C3 Aircross,145,44,Lithium-ion,,125,144,240,12.9,60,CCS,350,460,5,FWD,JB - Compact,4395,1795,1660,SUV
Citroen,e-C4,150,46.3,Lithium-ion,216,260,135,285,9.9,78,CCS,0,380,5,FWD,C - Medium,4360,1834,1525,Hatchback
Citroen,e-C4 54 kWh,150,50.8,Lithium-ion,102,260,122,325,9.1,78,CCS,0,380,5,FWD,C - Medium,4360,1834,1525,Hatchback
Citroen,e-C4 X,150,46.3,Lithium-ion,216,260,132,290,9.9,78,CCS,0,510,5,FWD,C - Medium,4600,1834,1525,Sedan
Citroen,e-C4 X 54 kWh,150,50.8,Lithium-ion,102,260,119,335,9.1,78,CCS,0,510,5,FWD,C - Medium,4600,1834,1525,Sedan
Citroen,e-SpaceTourer M 50 kWh,130,46.3,Lithium-ion,216,220,217,180,13.3,78,CCS,1000,603,9,FWD,N - Passenger Van,4983,1920,1890,Small Passenger Van
Citroen,e-SpaceTourer M 75 kWh,130,68,Lithium-ion,324,220,202,260,14.2,79,CCS,1000,603,9,FWD,N - Passenger Van,4983,1920,1890,Small Passenger Van
Citroen,e-SpaceTourer XL 50 kWh,130,46.3,Lithium-ion,216,220,219,180,13.3,78,CCS,1000,989,9,FWD,N - Passenger Van,5333,1920,1890,Small Passenger Van
Citroen,e-SpaceTourer XL 75 kWh,130,68,Lithium-ion,324,220,204,260,14.2,79,CCS,1000,989,9,FWD,N - Passenger Van,5333,1920,1890,Small Passenger Van
DS,3 E-Tense,150,50.8,Lithium-ion,102,260,128,300,9,85,CCS,0,350,5,FWD,JB - Compact,4118,1802,1534,SUV
DS,N??4 E-Tense,160,58.3,Lithium-ion,,345,130,375,7.1,70,CCS,0,390,5,FWD,JC - Medium,4400,1866,1470,Hatchback
DS,N??8 AWD Long Range,190,97.2,Lithium-ion,,511,146,530,5.4,130,CCS,1400,620,5,AWD,JD - Large,4834,1920,1574,SUV
DS,N??8 FWD,190,73.7,Lithium-ion,,345,141,415,7.7,100,CCS,1260,620,5,FWD,JD - Large,4834,1920,1574,SUV
DS,N??8 FWD Long Range,190,97.2,Lithium-ion,,345,136,545,7.8,130,CCS,1200,620,5,FWD,JD - Large,4834,1920,1574,SUV
Dacia,Spring Electric 45,125,25,Lithium-ion,72,125,109,165,19.1,29,CCS,0,308,4,FWD,A - Mini,3700,1622,1516,Hatchback
Dacia,Spring Electric 65,125,25,Lithium-ion,72,113,114,160,13.7,29,CCS,0,308,4,FWD,A - Mini,3700,1622,1516,Hatchback
Dongfeng,Box 31.4 kWh,140,29,Lithium-ion,,160,126,190,12.5,50,CCS,,326,5,FWD,B - Compact,4020,1810,1570,Hatchback
Dongfeng,Box 42.3 kWh,140,40,Lithium-ion,,160,129,255,12.5,51,CCS,,326,5,FWD,B - Compact,4020,1810,1570,Hatchback
Elaris,BEO 86 kWh,150,81,Lithium-ion,,320,203,390,9.5,65,CCS,,467,5,FWD,JD - Large,4698,1908,1696,SUV
Fiat,500e 3+1 24 kWh,135,21.3,Lithium-ion,108,220,112,135,9,40,CCS,0,185,4,FWD,B - Compact,3631,1683,1529,Hatchback
Fiat,500e 3+1 42 kWh,150,37.3,Lithium-ion,192,220,122,235,9,67,CCS,0,185,4,FWD,B - Compact,3631,1683,1529,Hatchback
Fiat,500e Cabrio 24 kWh,135,21.3,Lithium-ion,108,220,112,135,9,40,CCS,0,185,4,FWD,B - Compact,3631,1683,1529,Cabriolet
Fiat,500e Cabrio 42 kWh,150,37.3,Lithium-ion,192,220,125,230,9,67,CCS,0,185,4,FWD,B - Compact,3631,1683,1529,Cabriolet
Fiat,500e Hatchback 24 kWh,135,21.3,Lithium-ion,108,220,112,135,9,40,CCS,0,185,4,FWD,B - Compact,3631,1683,1529,Hatchback
Fiat,500e Hatchback 42 kWh,150,37.3,Lithium-ion,192,220,118,235,9,67,CCS,0,185,4,FWD,B - Compact,3631,1683,1529,Hatchback
Fiat,600e,150,50.8,Lithium-ion,102,260,124,310,9,79,CCS,0,360,5,FWD,JB - Compact,4171,1781,1523,SUV
Fiat,Grande Panda,132,43.8,Lithium-ion,,122,136,260,11,60,CCS,550,361,5,FWD,B - Compact,3999,1763,1570,Hatchback
Ford,Capri Extended Range AWD,180,79,Lithium-ion,288,679,148,455,5.3,135,CCS,1200,572,5,AWD,D - Large,4643,1872,1626,Liftback Sedan
Ford,Capri Extended Range RWD,180,77,Lithium-ion,288,545,135,455,6.4,120,CCS,1000,572,5,RWD,D - Large,4643,1872,1626,Liftback Sedan
Ford,Capri Standard Range RWD,160,52,Lithium-ion,192,310,163,320,9,85,CCS,1000,572,5,RWD,D - Large,4643,1872,1626,Liftback Sedan
Ford,Explorer Extended Range AWD,180,79,Lithium-ion,288,679,153,440,5.3,135,CCS,1200,536,5,AWD,JC - Medium,4468,1871,1639,SUV
Ford,Explorer Extended Range RWD,180,77,Lithium-ion,288,545,139,435,6.4,120,CCS,1000,536,5,RWD,JC - Medium,4468,1871,1630,SUV
Ford,Explorer Standard Range RWD,160,52,Lithium-ion,192,310,137,305,8.7,85,CCS,1000,536,5,RWD,JC - Medium,4468,1871,1630,SUV
Ford,Mustang Mach-E ER AWD (MY25),180,88,Lithium-ion,,675,160,435,4.8,105,CCS,1500,519,5,AWD,JD - Large,4713,1881,1624,SUV
Ford,Mustang Mach-E ER AWD (MY24),180,91,Lithium-ion,376,675,165,445,4.6,115,CCS,1500,519,5,AWD,JD - Large,4713,1881,1624,SUV
Ford,Mustang Mach-E ER RWD (MY25),180,88,Lithium-ion,,525,147,475,6.1,105,CCS,1500,519,5,RWD,JD - Large,4713,1881,1624,SUV
Ford,Mustang Mach-E ER RWD (MY24),180,91,Lithium-ion,376,525,152,480,5.9,115,CCS,1500,519,5,RWD,JD - Large,4713,1881,1624,SUV
Ford,Mustang Mach-E GT (MY24),200,91,Lithium-ion,376,950,177,425,3.8,115,CCS,750,519,5,AWD,JD - Large,4743,1881,1613,SUV
Ford,Mustang Mach-E GT (MY25),200,91,Lithium-ion,376,950,177,435,3.8,115,CCS,750,519,5,AWD,JD - Large,4743,1881,1613,SUV
Ford,Mustang Mach-E Rally (MY25),200,91,Lithium-ion,376,950,178,415,3.9,115,CCS,750,519,5,AWD,JD - Large,4743,1881,1633,SUV
Ford,Mustang Mach-E Rally (MY24),200,91,Lithium-ion,376,950,178,410,3.9,115,CCS,750,519,5,AWD,JD - Large,4743,1881,1633,SUV
Ford,Mustang Mach-E SR RWD (MY24),180,72.6,Lithium-ion,,525,154,385,6.2,100,CCS,750,519,5,RWD,JD - Large,4713,1881,1624,SUV
Ford,Mustang Mach-E SR RWD (MY25),180,72.6,Lithium-ion,,525,154,380,6.2,100,CCS,750,519,5,RWD,JD - Large,4713,1881,1624,SUV
Ford,Puma Gen-E,160,43.6,Lithium-ion,,290,126,275,8,85,CCS,750,523,5,FWD,JB - Compact,4214,1805,1555,SUV
Ford,e-Tourneo Courier,145,43.6,Lithium-ion,,290,164,200,11,80,CCS,750,,5,FWD,N - Passenger Van,4337,1876,1817,Small Passenger Van
Ford,e-Tourneo Custom L1 160 kW,130,64,Lithium-ion,,415,370,235,9,70,CCS,2000,672,8,RWD,N - Passenger Van,5050,1999,1959,Small Passenger Van
Ford,e-Tourneo Custom L1 210 kW,130,64,Lithium-ion,,415,370,235,8,70,CCS,2000,672,8,RWD,N - Passenger Van,5050,1999,1959,Small Passenger Van
Ford,e-Tourneo Custom L2 160 kW,150,64,Lithium-ion,,415,370,235,9,70,CCS,2000,672,8,RWD,N - Passenger Van,5908,1999,1959,Small Passenger Van
Ford,e-Tourneo Custom L2 210 kW,150,64,Lithium-ion,,415,370,235,8,70,CCS,2000,672,8,RWD,N - Passenger Van,5908,1999,1959,Small Passenger Van
GWM,ORA 03 48 kWh,160,45.4,Lithium-ion,,250,146,260,8.3,45,CCS,0,228,5,FWD,C - Medium,4235,1825,1603,Hatchback
GWM,ORA 03 63 kWh,160,59.3,Lithium-ion,,250,141,340,8.2,56,CCS,0,228,5,FWD,C - Medium,4235,1825,1603,Hatchback
GWM,ORA 03 GT,160,59.3,Lithium-ion,,250,148,325,8.2,56,CCS,0,228,5,FWD,C - Medium,4254,1848,1603,Hatchback
GWM,ORA 07 GT,180,83.5,Lithium-ion,,680,161,430,4.5,80,CCS,0,333,5,AWD,D - Large,4871,1862,1500,Sedan
GWM,ORA 07 Pro,170,64.3,Lithium-ion,,340,146,350,8.2,75,CCS,0,333,5,FWD,D - Large,4871,1862,1500,Sedan
GWM,ORA 07 Pure,170,64.3,Lithium-ion,,340,146,350,8.2,75,CCS,0,333,5,FWD,D - Large,4871,1862,1500,Sedan
Genesis,G80 Electrified Luxury,225,82.5,Lithium-ion,,700,159,440,4.9,160,CCS,,354,5,AWD,F - Luxury,5005,1925,1470,Sedan
Genesis,GV60 Premium,185,74,Lithium-ion,384,350,143,390,7.8,200,CCS,1600,432,5,RWD,JC - Medium,4515,1890,1580,SUV
Genesis,GV60 Sport,200,74,Lithium-ion,384,605,157,375,5.5,200,CCS,1600,432,5,AWD,JC - Medium,4515,1890,1580,SUV
Genesis,GV60 Sport Plus,235,74,Lithium-ion,384,700,159,360,4,200,CCS,1600,432,5,AWD,JC - Medium,4515,1890,1580,SUV
Genesis,GV70 Electrified Sport,235,74,Lithium-ion,384,700,163,350,4.2,190,CCS,1800,503,5,AWD,JD - Large,4715,1910,1630,SUV
Honda,e:Ny1,160,61.9,Lithium-ion,,310,150,335,7.6,60,CCS,0,361,5,FWD,JB - Compact,4387,1790,1584,SUV
Hongqi,E-HS9 120 kWh,200,112,Lithium-ion,,750,217,455,4.9,110,CCS,1500,438,5,AWD,JF - Luxury,5209,2010,1731,SUV
Hongqi,E-HS9 84 kWh,200,76.5,Lithium-ion,,600,193,320,6.5,112,CCS,1500,438,5,AWD,JF - Luxury,5209,2010,1731,SUV
Hongqi,E-HS9 99 kWh,200,90,Lithium-ion,,750,194,370,4.9,112,CCS,1500,438,5,AWD,JF - Luxury,5209,2010,1731,SUV
Hyundai,INSTER Long Range,150,46,Lithium-ion,,147,124,300,10.6,70,CCS,,280,4,FWD,JA - Mini,3825,1610,1575,SUV
Hyundai,INSTER Standard Range,140,39,Lithium-ion,,147,119,255,11.7,60,CCS,,280,4,FWD,JA - Mini,3825,1610,1575,SUV
Hyundai,IONIQ 5 63 kWh RWD (MY24),185,60,Lithium-ion,288,350,136,345,8.5,150,CCS,750,520,5,RWD,JC - Medium,4655,1890,1605,SUV
Hyundai,IONIQ 5 84 kWh AWD (MY24),185,80,Lithium-ion,384,605,162,445,5.3,205,CCS,1600,520,5,AWD,JC - Medium,4655,1890,1605,SUV
Hyundai,IONIQ 5 84 kWh RWD (MY24),185,80,Lithium-ion,384,350,155,450,7.5,205,CCS,1600,520,5,RWD,JC - Medium,4655,1890,1605,SUV
Hyundai,IONIQ 5 N (MY24),260,80,Lithium-ion,384,740,179,390,3.4,205,CCS,0,480,5,AWD,JC - Medium,4715,1940,1585,SUV
Hyundai,IONIQ 6 Long Range 2WD,185,74,Lithium-ion,384,350,136,495,7.4,200,CCS,1500,401,5,RWD,D - Large,4855,1880,1495,Sedan
Hyundai,IONIQ 6 Long Range AWD,185,74,Lithium-ion,384,605,143,440,5.1,200,CCS,1500,401,5,AWD,D - Large,4855,1880,1495,Sedan
Hyundai,IONIQ 6 Standard Range 2WD,185,50,Lithium-ion,264,350,117,335,8.8,120,CCS,750,401,5,RWD,D - Large,4855,1880,1495,Sedan
Hyundai,IONIQ 9 Long Range AWD,200,106,Lithium-ion,,605,177,490,6.7,195,CCS,2500,338,7,AWD,JF - Luxury,5060,1980,1790,SUV
Hyundai,IONIQ 9 Long Range RWD,185,106,Lithium-ion,,350,171,500,9.4,195,CCS,1600,338,7,RWD,JF - Luxury,5060,1980,1790,SUV
Hyundai,IONIQ 9 Performance AWD,200,106,Lithium-ion,,700,177,480,5.2,195,CCS,2500,338,7,AWD,JF - Luxury,5060,1980,1790,SUV
Hyundai,Kona Electric 48 kWh,160,48.4,Lithium-ion,,255,128,295,8.8,50,CCS,300,466,5,FWD,JB - Compact,4355,1825,1575,SUV
Hyundai,Kona Electric 65 kWh,170,65.4,Lithium-ion,,255,144,390,7.8,86,CCS,750,466,5,FWD,JB - Compact,4355,1825,1575,SUV
Jaguar,I-Pace EV400,200,84.7,Lithium-ion,432,696,208,380,4.8,85,CCS,750,505,5,AWD,JD - Large,4682,2011,1566,SUV
Jeep,Avenger Electric,150,50.8,Lithium-ion,102,260,132,310,9,85,CCS,0,355,5,FWD,JB - Compact,4084,1776,1528,SUV
Jeep,Compass Electric 74 kWh,180,74,Lithium-ion,,345,148,370,8.5,90,CCS,1000,550,5,FWD,JC - Medium,4552,1928,1675,SUV
KGM,Torres EVX,175,72,Lithium-ion,,339,156,370,8.1,85,CCS,1500,839,5,FWD,JC - Medium,4715,1890,1725,SUV
Kia,EV3 Long Range,170,78,Lithium-ion,,283,139,455,7.7,105,CCS,1000,460,5,FWD,JB - Compact,4300,1850,1560,SUV
Kia,EV3 Standard Range,170,55,Lithium-ion,,283,133,325,7.5,80,CCS,300,460,5,FWD,JB - Compact,4300,1850,1560,SUV
Kia,EV4 Hatchback Long Range,170,78,Lithium-ion,,283,132,475,7.7,105,CCS,,435,5,FWD,C - Medium,4430,1860,1485,Hatchback
Kia,EV4 Hatchback Standard Range,170,55,Lithium-ion,,283,134,340,7.4,80,CCS,,435,5,FWD,C - Medium,4430,1860,1485,Hatchback
Kia,EV4 Sedan Long Range,170,78,Lithium-ion,,283,124,495,7.7,105,CCS,,490,5,FWD,C - Medium,4730,1860,1480,Sedan
Kia,EV4 Sedan Standard Range,170,55,Lithium-ion,,283,128,355,7.4,80,CCS,,490,5,FWD,C - Medium,4730,1860,1480,Sedan
Kia,EV6 GT,260,80,Lithium-ion,384,770,178,385,3.5,205,CCS,1800,480,5,AWD,JC - Medium,4695,1890,1545,SUV
Kia,EV6 Long Range 2WD,185,80,Lithium-ion,384,350,143,455,7.3,205,CCS,1800,490,5,RWD,JC - Medium,4695,1880,1575,SUV
Kia,EV6 Long Range AWD,185,80,Lithium-ion,384,605,154,440,5.2,205,CCS,1800,490,5,AWD,JC - Medium,4695,1880,1575,SUV
Kia,EV6 Standard Range 2WD,185,60,Lithium-ion,288,350,140,345,8.7,150,CCS,750,490,5,RWD,JC - Medium,4695,1880,1575,SUV
Kia,EV9 76.1 kWh RWD,190,73,Lithium-ion,348,350,165,355,8.5,160,CCS,900,333,7,RWD,JF - Luxury,5010,1980,1755,SUV
Kia,EV9 99.8 kWh AWD,200,96,Lithium-ion,456,600,188,435,6,194,CCS,2500,333,7,AWD,JF - Luxury,5010,1980,1755,SUV
Kia,EV9 99.8 kWh AWD GT,220,96,Lithium-ion,456,740,190,420,4.6,194,CCS,2500,333,7,AWD,JF - Luxury,5015,1980,1755,SUV
Kia,EV9 99.8 kWh AWD GT-Line,200,96,Lithium-ion,456,700,190,425,5.3,194,CCS,2500,333,7,AWD,JF - Luxury,5015,1980,1780,SUV
Kia,EV9 99.8 kWh RWD,185,96,Lithium-ion,456,350,171,450,9.4,194,CCS,900,333,7,RWD,JF - Luxury,5010,1980,1755,SUV
Kia,Niro EV,167,64.8,Lithium-ion,96,255,140,385,7.8,70,CCS,750,475,5,FWD,JC - Medium,4420,1825,1570,SUV
Lancia,Ypsilon,150,48.1,Lithium-ion,96,260,122,310,8.2,80,CCS,0,309,5,FWD,B - Compact,4080,1760,1440,Hatchback
Leapmotor,C10,170,69.9,Lithium-ion,,320,166,350,7.5,70,CCS,1500,435,5,RWD,JD - Large,4739,1900,1680,SUV
Leapmotor,T03,130,36,Lithium-ion,,158,136,225,12.7,30,CCS,,210,4,FWD,A - Mini,3620,1652,1577,Hatchback
Lexus,RZ 300e,160,64,Lithium-ion,96,266,149,365,8,100,CCS,750,522,5,FWD,JC - Medium,4690,1860,1600,SUV
Lexus,RZ 450e,160,64,Lithium-ion,96,435,158,350,5.6,100,CCS,750,522,5,AWD,JD - Large,4805,1895,1635,SUV
Lexus,UX 300e,160,64,Lithium-ion,96,300,145,340,7.5,35,CHAdeMO,0,316,5,FWD,JC - Medium,4495,1840,1545,SUV
Lotus,Eletre,250,109,Lithium-ion,,710,204,495,4.5,259,CCS,2250,611,5,AWD,JF - Luxury,5103,2019,1630,SUV
Lotus,Eletre R,260,109,Lithium-ion,,985,266,455,2.9,259,CCS,2250,611,5,AWD,JF - Luxury,5103,2019,1636,SUV
Lotus,Eletre S,250,109,Lithium-ion,,710,222,480,4.5,259,CCS,2250,611,5,AWD,JF - Luxury,5103,2019,1630,SUV
Lotus,Emeya,250,98.9,Lithium-ion,,710,198,520,4.2,240,CCS,2250,509,5,AWD,F - Luxury,5139,2005,1464,Liftback Sedan
Lotus,Emeya R,256,98.9,Lithium-ion,,985,227,465,2.8,240,CCS,1225,509,5,AWD,F - Luxury,5139,2005,1464,Liftback Sedan
Lotus,Emeya S,250,98.9,Lithium-ion,,710,198,520,4.2,240,CCS,2250,509,5,AWD,F - Luxury,5139,2005,1464,Liftback Sedan
Lucid,Air Grand Touring,270,112,Lithium-ion,6600,1200,143,665,3,184,CCS,0,456,5,AWD,F - Luxury,4975,1939,1410,Sedan
Lucid,Air Pure RWD,200,92,Lithium-ion,5400,,130,565,4.7,160,CCS,0,456,5,RWD,F - Luxury,4975,1939,1410,Sedan
Lucid,Air Touring,250,92,Lithium-ion,5400,,142,580,3.2,160,CCS,0,456,5,AWD,F - Luxury,4975,1939,1410,Sedan
Lynk&Co,02,180,65,Lithium-ion,,343,149,370,5.5,90,CCS,1600,410,5,RWD,JC - Medium,4460,1845,1573,SUV
MG,Cyberster GT,200,74.4,Lithium-ion,,725,168,395,3.2,85,CCS,,249,2,AWD,G - Sports,4535,1913,1329,Cabriolet
MG,Cyberster Trophy,195,74.4,Lithium-ion,,475,146,425,5,85,CCS,,249,2,RWD,G - Sports,4535,1913,1329,Cabriolet
MG,4 Electric 51 kWh,160,50.8,Lithium-ion,104,250,145,300,7.7,68,CCS,500,363,5,RWD,C - Medium,4287,1836,1504,Hatchback
MG,4 Electric 64 kWh,160,61.7,Lithium-ion,104,250,142,360,7.9,116,CCS,500,363,5,RWD,C - Medium,4287,1836,1504,Hatchback
MG,4 Electric 77 kWh,180,74.4,Lithium-ion,,350,143,425,6.5,110,CCS,500,363,5,RWD,C - Medium,4287,1836,1516,Hatchback
MG,4 Electric XPOWER,200,61.7,Lithium-ion,104,600,160,320,3.8,116,CCS,500,363,5,AWD,C - Medium,4287,1836,1516,Hatchback
MG,5 Electric Long Range,185,57.4,Lithium-ion,,280,151,335,7.7,60,CCS,500,479,5,FWD,C - Medium,4600,1818,1543,Station/Estate
MG,5 Electric Standard Range,185,46,Lithium-ion,,280,148,265,7.7,53,CCS,500,479,5,FWD,C - Medium,4600,1818,1543,Station/Estate
MG,S5  EV 49 kWh,170,47.1,Lithium-ion,,250,139,275,8,80,CCS,750,453,5,RWD,JC - Medium,4476,1849,1621,SUV
MG,S5  EV 64 kWh,190,62.1,Lithium-ion,,350,134,365,6.3,90,CCS,750,453,5,RWD,JC - Medium,4476,1849,1621,SUV
MG,ZS EV Long Range,175,68.3,Lithium-ion,,280,155,370,8.4,82,CCS,500,448,5,FWD,JB - Compact,4323,1809,1649,SUV
MG,ZS EV Standard Range,175,49,Lithium-ion,,280,153,265,8.6,50,CCS,500,448,5,FWD,JB - Compact,4323,1809,1649,SUV
Maserati,GranCabrio Folgore,290,83,Lithium-ion,,1350,198,395,2.8,190,CCS,,151,4,AWD,F - Luxury,4966,1957,1365,Cabriolet
Maserati,GranTurismo Folgore,325,83,Lithium-ion,,1350,182,420,2.7,217,CCS,,270,4,AWD,F - Luxury,4959,1957,1353,Coupe
Maserati,Grecale Folgore,220,95,Lithium-ion,,820,220,400,4.1,110,CCS,1800,535,5,AWD,JE - Executive,4865,1948,1651,SUV
Maxus,MIFA 9,180,84,Lithium-ion,,350,195,365,9.2,103,CCS,1000,31 Banana Boxes,7,FWD,N - Passenger Van,5270,2000,1840,Small Passenger Van
Mazda,6e 68.8 kWh,175,66,Lithium-ion,,320,138,390,7.6,120,CCS,1500,456,5,RWD,D - Large,4921,1890,1491,Liftback Sedan
Mazda,6e Long Range 80 kWh,175,75,Lithium-ion,,320,136,440,7.8,70,CCS,1500,456,5,RWD,D - Large,4921,1890,1491,Liftback Sedan
Mercedes-Benz,CLA 250+,210,85,Lithium-ion,,335,122,565,6.7,235,CCS,1500,405,5,RWD,D - Large,4723,1855,1468,Sedan
Mercedes-Benz,CLA 350 4MATIC,210,85,Lithium-ion,,515,126,550,4.9,235,CCS,1800,405,5,AWD,D - Large,4723,1855,1468,Sedan
Mercedes-Benz,EQA 250,160,66.5,Lithium-ion,300,385,146,395,8.6,100,CCS,1500,340,5,FWD,JC - Medium,4463,1834,1620,SUV
Mercedes-Benz,EQA 250+,160,70.5,Lithium-ion,,385,142,420,8.6,90,CCS,1500,340,5,FWD,JC - Medium,4463,1834,1620,SUV
Mercedes-Benz,EQA 300 4MATIC,160,66.5,Lithium-ion,300,390,162,350,7.7,100,CCS,1800,340,5,AWD,JC - Medium,4463,1834,1620,SUV
Mercedes-Benz,EQA 350 4MATIC,160,66.5,Lithium-ion,300,520,162,350,6,100,CCS,1800,340,5,AWD,JC - Medium,4463,1834,1620,SUV
Mercedes-Benz,EQB 250+,160,70.5,Lithium-ion,,385,152,415,8.9,90,CCS,1400,495,7,FWD,JC - Medium,4684,1834,1667,SUV
Mercedes-Benz,EQB 300 4MATIC,160,66.5,Lithium-ion,300,390,168,345,8,100,CCS,1700,495,7,AWD,JC - Medium,4684,1834,1667,SUV
Mercedes-Benz,EQB 350 4MATIC,160,66.5,Lithium-ion,300,520,168,345,6.2,100,CCS,1700,495,7,AWD,JC - Medium,4684,1834,1667,SUV
Mercedes-Benz,EQE 300,210,89,Lithium-ion,,550,163,525,7.3,120,CCS,750,430,5,RWD,E - Executive,4946,1906,1503,Sedan
Mercedes-Benz,EQE 350 4MATIC,210,90.6,Lithium-ion,360,765,173,515,6.3,141,CCS,1700,430,5,AWD,E - Executive,4946,1906,1503,Sedan
Mercedes-Benz,EQE 350+,210,96,Lithium-ion,,565,164,555,6.5,141,CCS,750,430,5,RWD,E - Executive,4946,1906,1510,Sedan
Mercedes-Benz,EQE 500 4MATIC,210,90.6,Lithium-ion,360,858,173,505,4.7,141,CCS,1700,430,5,AWD,E - Executive,4946,1906,1503,Sedan
Mercedes-Benz,EQE AMG 43 4MATIC,210,90.6,Lithium-ion,360,858,207,450,4.2,141,CCS,1700,430,5,AWD,E - Executive,4964,1906,1495,Sedan
Mercedes-Benz,EQE AMG 53 4MATIC+,220,90.6,Lithium-ion,360,950,208,450,3.5,141,CCS,1700,430,5,AWD,E - Executive,4964,1906,1495,Sedan
Mercedes-Benz,EQE SUV 300,210,90.6,Lithium-ion,,550,182,450,7.6,141,CCS,750,520,5,RWD,JE - Executive,4863,1940,1685,SUV
Mercedes-Benz,EQE SUV 350 4MATIC,210,90.6,Lithium-ion,,765,189,435,6.6,141,CCS,1800,520,5,AWD,JE - Executive,4863,1940,1685,SUV
Mercedes-Benz,EQE SUV 350+,210,96,Lithium-ion,,565,164,475,6.9,141,CCS,750,520,5,RWD,JE - Executive,4863,1940,1685,SUV
Mercedes-Benz,EQE SUV 500 4MATIC,210,96,Lithium-ion,,858,187,455,4.9,141,CCS,1800,520,5,AWD,JE - Executive,4863,1940,1685,SUV
Mercedes-Benz,EQE SUV AMG 43 4MATIC,210,90.6,Lithium-ion,360,858,214,425,4.3,141,CCS,1800,520,5,AWD,JE - Executive,4879,1940,1672,SUV
Mercedes-Benz,EQE SUV AMG 53 4MATIC+,240,90.6,Lithium-ion,360,1000,242,420,3.5,141,CCS,1800,520,5,AWD,JE - Executive,4879,1940,1672,SUV
Mercedes-Benz,EQS 350,210,96,Lithium-ion,360,565,165,570,6.7,130,CCS,750,620,5,RWD,F - Luxury,5223,1926,1512,Sedan
Mercedes-Benz,EQS 450 4MATIC,210,118,Lithium-ion,,800,180,655,5.7,160,CCS,1700,620,5,AWD,F - Luxury,5223,1926,1518,Sedan
Mercedes-Benz,EQS 450+,210,118,Lithium-ion,,568,173,685,6.2,160,CCS,750,620,5,RWD,F - Luxury,5223,1926,1518,Sedan
Mercedes-Benz,EQS 500 4MATIC,210,118,Lithium-ion,,828,180,640,4.9,160,CCS,1700,620,5,AWD,F - Luxury,5223,1926,1518,Sedan
Mercedes-Benz,EQS 580 4MATIC,210,118,Lithium-ion,,858,180,640,4.4,160,CCS,1700,620,5,AWD,F - Luxury,5223,1926,1518,Sedan
Mercedes-Benz,EQS AMG 53 4MATIC+,250,118,Lithium-ion,,1020,222,585,3.4,160,CCS,1700,620,5,AWD,F - Luxury,5223,1926,1518,Sedan
Mercedes-Benz,EQS SUV 450 4MATIC,210,118,Lithium-ion,,800,199,530,6.1,160,CCS,1800,645,7,AWD,JF - Luxury,5125,1959,1718,SUV
Mercedes-Benz,EQS SUV 450+,210,118,Lithium-ion,,568,195,540,6.8,160,CCS,750,645,7,RWD,JF - Luxury,5125,1959,1718,SUV
Mercedes-Benz,EQS SUV 500 4MATIC,210,118,Lithium-ion,,828,199,530,5.3,160,CCS,1800,645,7,AWD,JF - Luxury,5125,1959,1718,SUV
Mercedes-Benz,EQS SUV 580 4MATIC,210,118,Lithium-ion,,858,199,530,4.7,160,CCS,1800,13 Banana Boxes,7,AWD,JF - Luxury,5125,1959,1718,SUV
Mercedes-Benz,EQS SUV Maybach 680,210,118,Lithium-ion,,950,211,490,4.4,160,CCS,1800,440,4,AWD,JF - Luxury,5125,1959,1725,SUV
Mercedes-Benz,EQT 200 Long,132,45,Lithium-ion,,245,177,220,13.3,50,CCS,1500,828,7,FWD,N - Passenger Van,4922,1859,1811,Small Passenger Van
Mercedes-Benz,EQT 200 Standard,132,45,Lithium-ion,,245,167,225,12.6,50,CCS,1500,551,5,FWD,N - Passenger Van,4498,1859,1819,Small Passenger Van
Mercedes-Benz,EQV 250 Extra-Long,160,60,Lithium-ion,192,365,282,210,12,60,CCS,0,1410,7,FWD,N - Passenger Van,5370,1928,1911,Small Passenger Van
Mercedes-Benz,EQV 250 Long,160,60,Lithium-ion,192,365,282,215,12,60,CCS,0,1030,7,FWD,N - Passenger Van,5140,1928,1910,Small Passenger Van
Mercedes-Benz,EQV 300 Extra-Long,140,90,Lithium-ion,288,365,249,315,12.2,96,CCS,0,1410,7,FWD,N - Passenger Van,5370,1928,1901,Small Passenger Van
Mercedes-Benz,EQV 300 Long,160,90,Lithium-ion,288,365,276,320,12.1,96,CCS,0,1030,7,FWD,N - Passenger Van,5140,1928,1901,Small Passenger Van
Mercedes-Benz,G 580,180,116,Lithium-ion,216,1164,267,360,4.7,150,CCS,0,555,5,AWD,JF - Luxury,4624,1931,1986,SUV
Mercedes-Benz,eVito Tourer Extra-Long 60 kWh,160,60,Lithium-ion,192,360,254,215,12,60,CCS,0,1390,8,FWD,N - Passenger Van,5370,1928,1890,Small Passenger Van
Mercedes-Benz,eVito Tourer Long 60 kWh,160,60,Lithium-ion,192,360,259,220,12,60,CCS,0,990,8,FWD,N - Passenger Van,5140,1928,1890,Small Passenger Van
Mercedes-Benz,eVito Tourer Long 90 kWh,160,90,Lithium-ion,288,360,260,325,12.1,96,CCS,0,990,8,FWD,N - Passenger Van,5140,1928,1890,Small Passenger Van
Mini,Aceman E,160,38.5,Lithium-ion,,290,129,230,7.9,60,CCS,750,300,5,FWD,JB - Compact,4079,1754,1514,SUV
Mini,Aceman JCW,200,49.2,Lithium-ion,,350,143,280,6.4,75,CCS,750,300,5,FWD,JB - Compact,4079,1754,1514,SUV
Mini,Aceman SE,170,49.2,Lithium-ion,,330,129,290,7.1,75,CCS,750,300,5,FWD,JB - Compact,4079,1754,1514,SUV
Mini,Cooper E,160,36.6,Lithium-ion,,290,125,250,7.3,60,CCS,0,200,4,FWD,B - Compact,3858,1756,1460,Hatchback
Mini,Cooper JCW,200,49.2,Lithium-ion,,350,135,290,5.9,75,CCS,0,200,4,FWD,B - Compact,3858,1756,1460,Hatchback
Mini,Cooper SE,170,49.2,Lithium-ion,,330,127,330,6.7,75,CCS,0,200,4,FWD,B - Compact,3858,1756,1460,Hatchback
Mini,Countryman E,170,64.6,Lithium-ion,,250,140,380,8.6,94,CCS,750,460,5,FWD,JC - Medium,4433,1843,1656,SUV
Mini,Countryman SE ALL4,180,64.6,Lithium-ion,,494,149,365,5.6,94,CCS,1200,460,5,AWD,JC - Medium,4433,1843,1656,SUV
NIO,EL6 Long Range,200,90,Lithium-ion,96,700,170,435,4.5,135,CCS,1200,579,5,AWD,JE - Executive,4854,1995,1703,SUV
NIO,EL6 Standard Range,200,73.5,Lithium-ion,118,700,181,365,4.5,110,CCS,1200,579,5,AWD,JE - Executive,4854,1995,1703,SUV
NIO,EL7 Long Range,200,90,Lithium-ion,96,850,185,430,3.9,100,CCS,2000,570,5,AWD,JF - Luxury,4912,1987,1720,SUV
NIO,EL7 Standard Range,200,73.5,Lithium-ion,118,850,198,355,3.9,110,CCS,2000,570,5,AWD,JF - Luxury,4912,1987,1720,SUV
NIO,EL8 Long Range,200,90,Lithium-ion,96,850,185,440,4.1,190,CCS,2000,265,6,AWD,JF - Luxury,5099,1989,1750,SUV
NIO,EL8 Standard Range,200,73.5,Lithium-ion,118,850,196,360,4.1,110,CCS,2000,265,6,AWD,JF - Luxury,5099,1989,1750,SUV
NIO,ET5 Long Range,200,90,Lithium-ion,96,700,167,500,4,100,CCS,1400,386,5,AWD,E - Executive,4790,1960,1499,Sedan
NIO,ET5 Standard Range,200,73.5,Lithium-ion,118,700,175,410,4,110,CCS,1400,386,5,AWD,E - Executive,4790,1960,1499,Sedan
NIO,ET5 Touring Long Range,200,90,Lithium-ion,96,700,178,485,4,135,CCS,1400,450,5,AWD,E - Executive,4790,1960,1499,Station/Estate
NIO,ET5 Touring Standard Range,200,73.5,Lithium-ion,118,700,169,400,4,110,CCS,1400,450,5,AWD,E - Executive,4790,1960,1499,Station/Estate
NIO,ET7 Long Range,200,90,Lithium-ion,96,850,178,505,3.8,100,CCS,2000,363,5,AWD,F - Luxury,5101,1987,1509,Sedan
NIO,ET7 Standard Range,200,73.5,Lithium-ion,118,850,191,415,3.8,110,CCS,2000,363,5,AWD,F - Luxury,5101,1987,1509,Sedan
Nissan,Ariya 63kWh,160,63,Lithium-ion,,300,175,335,7.5,90,CCS,750,468,5,FWD,JC - Medium,4595,1850,1660,SUV
Nissan,Ariya 87kWh,160,87,Lithium-ion,,300,169,450,7.6,110,CCS,750,468,5,FWD,JC - Medium,4595,1850,1660,SUV
Nissan,Ariya e-4ORCE 87kWh - 225 kW,200,87,Lithium-ion,,600,190,405,5.7,110,CCS,1500,415,5,AWD,JC - Medium,4595,1850,1660,SUV
Nissan,Ariya e-4ORCE 87kWh - 320 kW Nismo,200,87,Lithium-ion,,600,209,385,5,110,CCS,,415,5,AWD,JC - Medium,4655,1850,1660,SUV
Nissan,Townstar EV Passenger,132,45,Lithium-ion,,245,158,225,12.6,50,CCS,1500,819,5,FWD,N - Passenger Van,4488,1860,1838,Small Passenger Van
Nissan,Townstar EV Passenger L2,130,45,Lithium-ion,,245,173,220,13.3,50,CCS,1500,819,7,FWD,N - Passenger Van,4911,1860,1815,Small Passenger Van
Omoda,E5,172,61,Lithium-ion,,340,152,345,7.6,60,CCS,,380,5,FWD,JC - Medium,4424,1830,1588,SUV
Opel,Astra Electric,170,50.8,Lithium-ion,102,270,128,320,9.2,85,CCS,0,352,5,FWD,C - Medium,4374,1860,1470,Hatchback
Opel,Astra Sports Tourer Electric,170,50.8,Lithium-ion,102,270,123,310,9.3,85,CCS,0,516,5,FWD,C - Medium,4642,1860,1480,Station/Estate
Opel,Combo-e Life 50 kWh,135,50,Lithium-ion,,260,149,235,11.3,80,CCS,750,775,5,FWD,N - Passenger Van,4410,1921,1812,Small Passenger Van
Opel,Combo-e Life XL 50 kWh,135,50,Lithium-ion,,260,149,230,11.3,80,CCS,750,1050,7,FWD,N - Passenger Van,4760,1921,1818,Small Passenger Van
Opel,Corsa Electric 50 kWh,150,46.3,Lithium-ion,216,260,131,290,8.7,78,CCS,0,267,5,FWD,B - Compact,4061,1765,1435,Hatchback
Opel,Corsa Electric 51 kWh,150,48.1,Lithium-ion,96,260,120,315,8.1,80,CCS,0,267,5,FWD,B - Compact,4061,1765,1435,Hatchback
Opel,Frontera 44 kWh,140,44,Lithium-ion,,120,144,245,12.1,60,CCS,350,460,5,FWD,JB - Compact,4385,1795,1635,SUV
Opel,Grandland 73 kWh,170,73,Lithium-ion,96,260,145,365,9,90,CCS,1200,550,5,FWD,JC - Medium,4650,1934,1665,SUV
Opel,Grandland 82 kWh,170,82.2,Lithium-ion,,260,146,410,9,100,CCS,1200,550,5,FWD,JC - Medium,4650,1934,1665,SUV
Opel,Mokka Electric,150,50.8,Lithium-ion,102,260,126,285,9,85,CCS,0,310,5,FWD,JB - Compact,4151,1790,1534,SUV
Opel,Zafira-e Life L2 50 kWh,130,46.3,Lithium-ion,216,270,217,180,13.3,78,CCS,1000,603,9,FWD,N - Passenger Van,4983,1920,1890,Small Passenger Van
Opel,Zafira-e Life L2 75 kWh,130,68,Lithium-ion,324,270,202,260,14.2,79,CCS,1000,603,9,FWD,N - Passenger Van,4983,1920,1890,Small Passenger Van
Opel,Zafira-e Life L3 50 kWh,130,46.3,Lithium-ion,216,270,219,180,13.3,78,CCS,1000,989,9,FWD,N - Passenger Van,5333,1920,1890,Small Passenger Van
Opel,Zafira-e Life L3 75 kWh,130,68,Lithium-ion,324,260,204,260,14.2,79,CCS,1000,989,9,FWD,N - Passenger Van,5333,1920,1890,Small Passenger Van
Peugeot,e-2008 50 kWh,150,46.3,Lithium-ion,216,260,136,270,9.9,78,CCS,0,434,5,FWD,JB - Compact,4304,1775,1523,SUV
Peugeot,e-2008 54 kWh,150,50.8,Lithium-ion,102,260,125,300,9.1,85,CCS,0,434,5,FWD,JB - Compact,4304,1775,1523,SUV
Peugeot,e-208 50 kWh,150,46.3,Lithium-ion,216,260,132,290,9,78,CCS,0,265,5,FWD,B - Compact,4055,1765,1430,Hatchback
Peugeot,e-208 51 kWh,150,48.1,Lithium-ion,96,260,120,310,8.2,80,CCS,0,265,5,FWD,B - Compact,4055,1765,1430,Hatchback
Peugeot,e-3008 73 kWh,170,73,Lithium-ion,96,345,143,380,8.8,90,CCS,1250,588,5,FWD,JC - Medium,4542,1895,1641,SUV
Peugeot,e-3008 73 kWh Dual Motor,170,73,Lithium-ion,96,511,195,375,6.4,90,CCS,,588,5,AWD,JC - Medium,4542,1895,1641,SUV
Peugeot,e-3008 97 kWh Long Range,170,96.9,Lithium-ion,,345,145,500,8.7,135,CCS,1200,588,5,FWD,JC - Medium,4542,1895,1641,SUV
Peugeot,e-308,170,50.8,Lithium-ion,102,260,124,300,9.8,80,CCS,0,412,5,FWD,C - Medium,4367,1852,1441,Hatchback
Peugeot,e-308 SW,150,50.8,Lithium-ion,102,260,127,300,10,80,CCS,,608,5,FWD,C - Medium,4636,1852,1442,Station/Estate
Peugeot,e-408 58 kWh,160,58.3,Lithium-ion,,345,129,375,7.2,70,CCS,,471,5,FWD,JD - Large,4687,1859,1478,SUV
Peugeot,e-5008 73 kWh,170,73,Lithium-ion,96,345,150,370,9.7,90,CCS,1000,348,7,FWD,JD - Large,4791,1895,1694,SUV
Peugeot,e-5008 73 kWh Dual Motor,170,73,Lithium-ion,96,511,203,360,7,90,CCS,,348,7,AWD,JD - Large,4791,1895,1694,SUV
Peugeot,e-5008 97 kWh Long Range,170,96.9,Lithium-ion,,345,152,485,9.6,135,CCS,1000,348,7,FWD,JD - Large,4791,1895,1694,SUV
Peugeot,e-Rifter M 50 kWh,132,50,Lithium-ion,,270,152,235,11.7,80,CCS,750,775,5,FWD,N - Passenger Van,4403,1921,1818,Small Passenger Van
Peugeot,e-Rifter XL 50 kWh,132,50,Lithium-ion,,270,153,230,11.7,80,CCS,750,1050,7,FWD,N - Passenger Van,4755,1921,1837,Small Passenger Van
Peugeot,e-Traveller L2 50 kWh,130,46.3,Lithium-ion,216,270,217,180,13.3,78,CCS,1000,603,9,FWD,N - Passenger Van,4983,1920,1890,Small Passenger Van
Peugeot,e-Traveller L2 75 kWh,130,68,Lithium-ion,324,270,202,260,14.2,79,CCS,1000,603,9,FWD,N - Passenger Van,4983,1920,1890,Small Passenger Van
Peugeot,e-Traveller L3 50 kWh,130,46.3,Lithium-ion,216,270,219,180,13.3,78,CCS,1000,989,9,FWD,N - Passenger Van,5333,1920,1890,Small Passenger Van
Peugeot,e-Traveller L3 75 kWh,130,68,Lithium-ion,324,270,204,260,14.2,79,CCS,1000,989,9,FWD,N - Passenger Van,5333,1920,1890,Small Passenger Van
Polestar,2 Long Range Dual Motor (MY26),205,79,Lithium-ion,324,740,142,455,4.5,125,CCS,1500,407,5,AWD,D - Large,4606,1859,1479,Liftback Sedan
Polestar,2 Long Range Performance (MY26),205,79,Lithium-ion,324,740,142,450,4.2,125,CCS,1500,407,5,AWD,D - Large,4606,1859,1473,Liftback Sedan
Polestar,2 Long Range Single Motor (MY26),205,79,Lithium-ion,324,490,130,475,6.2,125,CCS,1500,407,5,RWD,D - Large,4606,1859,1479,Liftback Sedan
Polestar,2 Standard Range Single Motor (MY26),205,67,Lithium-ion,,490,129,405,6.4,110,CCS,1500,407,5,RWD,D - Large,4606,1859,1479,Liftback Sedan
Polestar,3 Long Range Dual motor,210,107,Lithium-ion,204,840,183,515,5,150,CCS,2200,484,5,AWD,JE - Executive,4900,1968,1614,SUV
Polestar,3 Long Range Performance,210,107,Lithium-ion,204,910,194,495,4.7,150,CCS,2200,484,5,AWD,JE - Executive,4900,1968,1614,SUV
Polestar,3 Long Range Single motor,180,107,Lithium-ion,204,490,166,530,7.8,150,CCS,1500,484,5,RWD,JE - Executive,4900,1968,1614,SUV
Polestar,4 Long Range Dual Motor,200,94,Lithium-ion,110,686,165,485,3.8,135,CCS,2000,526,5,AWD,E - Executive,4839,2008,1544,Liftback Sedan
Polestar,4 Long Range Single Motor,180,94,Lithium-ion,110,343,157,495,7.4,135,CCS,1500,526,5,RWD,E - Executive,4839,2008,1544,Liftback Sedan
Porsche,Macan 4 Electric,220,95,Lithium-ion,180,650,184,470,5.2,200,CCS,2000,540,5,AWD,JD - Large,4784,1938,1622,SUV
Porsche,Macan 4S Electric,240,95,Lithium-ion,180,820,186,470,4.1,200,CCS,2000,540,5,AWD,JD - Large,4784,1938,1622,SUV
Porsche,Macan Electric,220,95,Lithium-ion,180,563,177,495,5.7,200,CCS,2000,540,5,RWD,JD - Large,4784,1938,1623,SUV
Porsche,Macan Turbo Electric,260,95,Lithium-ion,180,1001,183,460,3.3,200,CCS,2000,480,5,AWD,JD - Large,4784,1938,1621,SUV
Porsche,Taycan,230,82.3,Lithium-ion,,410,164,495,4.8,195,CCS,0,407,5,RWD,F - Luxury,4963,1966,1379,Sedan
Porsche,Taycan 4,230,82.3,Lithium-ion,,585,172,490,4.6,195,CCS,0,407,5,AWD,F - Luxury,4963,1966,1379,Sedan
Porsche,Taycan 4 Cross Turismo,220,97,Lithium-ion,396,610,188,510,4.7,281,CCS,0,446,5,AWD,F - Luxury,4974,1967,1409,Station/Estate
Porsche,Taycan 4 Plus,230,97,Lithium-ion,396,610,175,565,4.6,281,CCS,0,407,5,AWD,F - Luxury,4963,1966,1379,Sedan
Porsche,Taycan 4S,250,82.3,Lithium-ion,,695,174,490,3.7,195,CCS,0,407,5,AWD,F - Luxury,4963,1966,1379,Sedan
Porsche,Taycan 4S Cross Turismo,240,97,Lithium-ion,396,710,188,510,3.8,281,CCS,0,446,5,AWD,F - Luxury,4974,1967,1409,Station/Estate
Porsche,Taycan 4S Plus,250,97,Lithium-ion,396,710,177,565,3.7,281,CCS,0,407,5,AWD,F - Luxury,4963,1966,1379,Sedan
Porsche,Taycan 4S Plus Sport Turismo,250,97,Lithium-ion,396,710,186,510,3.7,281,CCS,0,446,5,AWD,F - Luxury,4963,1966,1390,Station/Estate
Porsche,Taycan 4S Sport Turismo,250,82.3,Lithium-ion,,695,183,440,3.7,195,CCS,0,446,5,AWD,F - Luxury,4963,1966,1390,Station/Estate
Porsche,Taycan GTS,250,97,Lithium-ion,396,790,176,535,3.3,281,CCS,0,366,5,AWD,F - Luxury,4963,1966,1381,Sedan
Porsche,Taycan GTS Sport Turismo,250,97,Lithium-ion,396,790,185,505,3.3,281,CCS,0,405,5,AWD,F - Luxury,4963,1966,1392,Station/Estate
Porsche,Taycan Plus,230,97,Lithium-ion,396,420,168,575,4.8,281,CCS,0,407,5,RWD,F - Luxury,4963,1966,1379,Sedan
Porsche,Taycan Plus Sport Turismo,230,97,Lithium-ion,396,420,176,530,4.8,281,CCS,0,446,5,RWD,F - Luxury,4963,1966,1390,Station/Estate
Porsche,Taycan Sport Turismo,230,82.3,Lithium-ion,,410,173,460,4.8,195,CCS,0,446,5,RWD,F - Luxury,4963,1966,1390,Station/Estate
Porsche,Taycan Turbo,260,97,Lithium-ion,396,940,174,535,2.7,281,CCS,0,366,5,AWD,F - Luxury,4963,1966,1379,Sedan
Porsche,Taycan Turbo Cross Turismo,250,97,Lithium-ion,396,940,188,495,2.8,281,CCS,0,405,5,AWD,F - Luxury,4974,1967,1412,Station/Estate
Porsche,Taycan Turbo GT,290,97,Lithium-ion,396,1340,184,475,2.3,281,CCS,0,326,5,AWD,F - Luxury,4968,1966,1378,Sedan
Porsche,Taycan Turbo GT Weissach,305,97,Lithium-ion,396,1340,180,475,2.2,281,CCS,0,367,2,AWD,F - Luxury,4968,1966,1378,Sedan
Porsche,Taycan Turbo S,260,97,Lithium-ion,396,1110,174,525,2.4,281,CCS,0,366,5,AWD,F - Luxury,4963,1966,1378,Sedan
Porsche,Taycan Turbo S Cross Turismo,250,97,Lithium-ion,396,1110,188,485,2.5,281,CCS,0,405,5,AWD,F - Luxury,4974,1967,1407,Station/Estate
Porsche,Taycan Turbo S Sport Turismo,260,97,Lithium-ion,396,1110,183,505,2.4,281,CCS,0,405,5,AWD,F - Luxury,4963,1966,1388,Station/Estate
Porsche,Taycan Turbo Sport Turismo,260,97,Lithium-ion,396,940,184,505,2.7,281,CCS,0,405,5,AWD,F - Luxury,4963,1966,1392,Station/Estate
Renault,4 E-Tech 40kWh 120hp,150,40,Lithium-ion,93,225,124,245,9.2,55,CCS,750,420,5,FWD,JB - Compact,4143,1796,1552,SUV
Renault,4 E-Tech 52kWh 150hp,150,52,Lithium-ion,184,245,127,315,8.2,70,CCS,750,420,5,FWD,JB - Compact,4143,1796,1552,SUV
Renault,5 E-Tech 40kWh 120hp,150,40,Lithium-ion,93,225,132,250,9,55,CCS,500,326,5,FWD,B - Compact,3922,1808,1489,Hatchback
Renault,5 E-Tech 40kWh 95hp,130,40,Lithium-ion,93,215,129,255,12,,,500,326,5,FWD,B - Compact,3922,1808,1489,Hatchback
Renault,5 E-Tech 52kWh 150hp,150,52,Lithium-ion,184,245,129,320,8,70,CCS,500,326,5,FWD,B - Compact,3922,1808,1489,Hatchback
Renault,Kangoo E-Tech Electric,135,45,Lithium-ion,,245,158,225,12.6,50,CCS,1500,950,5,FWD,N - Passenger Van,4486,1860,1838,Small Passenger Van
Renault,Kangoo Grand E-Tech Electric,130,45,Lithium-ion,,245,170,220,13.3,50,CCS,1500,500,7,FWD,N - Passenger Van,4911,1860,1815,Small Passenger Van
Renault,Megane E-Tech EV60 130hp (TU2025),150,60,Lithium-ion,288,250,125,380,10.5,88,CCS,500,440,5,FWD,C - Medium,4200,1860,1505,Hatchback
Renault,Megane E-Tech EV60 220hp (TU2025),160,60,Lithium-ion,288,300,133,380,7.4,88,CCS,900,440,5,FWD,C - Medium,4200,1860,1505,Hatchback
Renault,Scenic E-Tech EV60 170hp,150,60,Lithium-ion,192,280,144,340,8.6,75,CCS,1100,545,5,FWD,JC - Medium,4470,1864,1571,SUV
Renault,Scenic E-Tech EV87 220hp,170,87,Lithium-ion,288,300,143,480,7.9,95,CCS,1100,545,5,FWD,JC - Medium,4470,1864,1571,SUV
Rolls-Royce,Spectre,250,102,Lithium-ion,,900,192,465,4.5,126,CCS,,380,4,AWD,I - Luxury,5453,2080,1559,Coupe
Skoda,Elroq 50,160,52,Lithium-ion,192,310,149,310,9,90,CCS,1000,470,5,RWD,JC - Medium,4488,1884,1625,SUV
Skoda,Elroq 60,160,59,Lithium-ion,216,310,149,350,8.5,110,CCS,1000,470,5,RWD,JC - Medium,4488,1884,1625,SUV
Skoda,Elroq 85,180,77,Lithium-ion,288,545,145,450,6.6,120,CCS,1000,470,5,RWD,JC - Medium,4488,1884,1625,SUV
Skoda,Elroq RS,180,79,Lithium-ion,288,679,151,450,5.4,135,CCS,1200,470,5,AWD,JC - Medium,4488,1884,1608,SUV
Skoda,Enyaq 60,160,59,Lithium-ion,216,310,145,360,8.1,110,CCS,1000,585,5,RWD,JC - Medium,4658,1879,1622,SUV
Skoda,Enyaq 85,180,77,Lithium-ion,288,545,141,455,6.7,120,CCS,1000,585,5,RWD,JC - Medium,4658,1879,1622,SUV
Skoda,Enyaq 85x,180,77,Lithium-ion,288,679,150,450,6.7,120,CCS,1200,585,5,AWD,JC - Medium,4658,1879,1620,SUV
Skoda,Enyaq Coupe 60,160,59,Lithium-ion,216,310,141,370,8.1,110,CCS,1000,570,5,RWD,JC - Medium,4658,1879,1623,SUV
Skoda,Enyaq Coupe 85,180,77,Lithium-ion,288,545,138,470,6.7,120,CCS,1000,570,5,RWD,JC - Medium,4658,1879,1623,SUV
Skoda,Enyaq Coupe 85x,180,77,Lithium-ion,288,679,146,460,6.7,120,CCS,1200,570,5,AWD,JC - Medium,4658,1879,1621,SUV
Skoda,Enyaq Coupe RS,180,79,Lithium-ion,288,679,143,470,5.4,135,CCS,1200,570,5,AWD,JC - Medium,4660,1879,1608,SUV
Skoda,Enyaq RS,180,79,Lithium-ion,288,679,147,460,5.4,135,CCS,1200,585,5,AWD,JC - Medium,4660,1879,1607,SUV
Skywell,BE11 Long Range,150,81,Lithium-ion,,320,166,390,9.6,50,CCS,,467,5,FWD,JD - Large,4720,1908,1696,SUV
Skywell,BE11 Standard Range,150,68,Lithium-ion,,320,149,330,9.6,50,CCS,,467,5,FWD,JD - Large,4720,1908,1696,SUV
Smart,#1 Brabus,180,62,Lithium-ion,,584,155,325,3.9,100,CCS,1600,313,5,AWD,JB - Compact,4300,1822,1636,SUV
Smart,#1 Premium,180,62,Lithium-ion,,343,141,335,6.7,100,CCS,1600,323,5,RWD,JB - Compact,4270,1822,1636,SUV
Smart,#1 Pro,180,47,Lithium-ion,,343,152,250,6.7,65,CCS,0,323,5,RWD,JB - Compact,4270,1822,1636,SUV
Smart,#1 Pro+,180,62,Lithium-ion,,343,148,335,6.7,100,CCS,1600,323,5,RWD,JB - Compact,4270,1822,1636,SUV
Smart,#1 Pulse,180,62,Lithium-ion,,584,155,325,4.5,100,CCS,1600,313,5,AWD,JB - Compact,4300,1822,1636,SUV
Smart,#1 Pure,180,47,Lithium-ion,,343,152,250,6.7,65,CCS,0,323,5,RWD,JB - Compact,4270,1822,1636,SUV
Smart,#1 Pure+,180,62,Lithium-ion,,343,148,335,6.7,100,CCS,1600,323,5,RWD,JB - Compact,4270,1822,1636,SUV
Smart,#3 Brabus,180,62,Lithium-ion,,543,149,335,3.7,100,CCS,1600,370,5,AWD,JB - Compact,4400,1844,1556,SUV
Smart,#3 Premium,180,62,Lithium-ion,,343,136,355,5.8,110,CCS,1600,370,5,RWD,JB - Compact,4400,1844,1556,SUV
Smart,#3 Pro,180,47,Lithium-ion,,343,145,265,5.9,65,CCS,0,370,5,RWD,JB - Compact,4400,1844,1556,SUV
Smart,#3 Pro+,180,62,Lithium-ion,,343,143,355,5.8,110,CCS,1600,370,5,RWD,JB - Compact,4400,1844,1556,SUV
Smart,#5 Brabus,210,94,Lithium-ion,,710,174,450,3.8,230,CCS,1600,630,5,AWD,JD - Large,4695,1920,1705,SUV
Smart,#5 Premium,200,94,Lithium-ion,,373,159,465,6.5,230,CCS,1600,630,5,RWD,JD - Large,4695,1920,1705,SUV
Smart,#5 Pro,200,74.4,Lithium-ion,,373,160,370,6.9,110,CCS,1600,630,5,RWD,JD - Large,4695,1920,1705,SUV
Smart,#5 Pro+,200,94,Lithium-ion,,373,159,465,6.5,230,CCS,1600,630,5,RWD,JD - Large,4695,1920,1705,SUV
Smart,#5 Pulse,200,94,Lithium-ion,,643,174,455,4.9,230,CCS,1600,630,5,AWD,JD - Large,4695,1920,1705,SUV
Smart,#5 Summit Edition,200,94,Lithium-ion,,643,174,455,4.9,230,CCS,1600,630,5,AWD,JD - Large,4695,1920,1705,SUV
Subaru,Solterra AWD,160,64,Lithium-ion,96,336,154,320,6.9,100,CCS,750,441,5,AWD,JC - Medium,4690,1860,1650,SUV
Tesla,Model 3 Long Range AWD (Highland),201,75,Lithium-ion,4416,493,119,525,4.4,124,CCS,1000,594,5,AWD,D - Large,4720,1849,1441,Sedan
Tesla,Model 3 Long Range RWD (Highland),201,75,Lithium-ion,4416,450,117,545,5.2,124,CCS,1000,594,5,RWD,D - Large,4720,1849,1441,Sedan
Tesla,Model 3 Performance (Highland),262,75,Lithium-ion,4416,741,142,490,3.2,124,CCS,0,594,5,AWD,D - Large,4720,1849,1431,Sedan
Tesla,Model 3 RWD (Highland CATL LFP64),201,60.5,Lithium-ion,,420,116,445,6.1,110,CCS,1000,594,5,RWD,D - Large,4720,1849,1441,Sedan
Tesla,Model S Dual Motor,250,95,Lithium-ion,7920,,150,575,3.2,140,CCS,1600,709,5,AWD,F - Luxury,5021,1987,1431,Liftback Sedan
Tesla,Model S Plaid,282,95,Lithium-ion,7920,,158,560,2.3,140,CCS,1600,709,5,AWD,F - Luxury,5021,1987,1431,Liftback Sedan
Tesla,Model X Dual Motor,250,95,Lithium-ion,7920,,165,485,3.9,140,CCS,2250,425,7,AWD,JF - Luxury,5057,1999,1680,SUV
Tesla,Model X Plaid,262,95,Lithium-ion,7920,,180,465,2.7,140,CCS,2250,425,7,AWD,JF - Luxury,5057,1999,1680,SUV
Tesla,Model Y Long Range AWD (Juniper),201,75,Lithium-ion,4416,493,132,455,4.8,124,CCS,1600,854,5,AWD,JD - Large,4790,1982,1624,SUV
Tesla,Model Y Long Range RWD (Juniper),201,75,Lithium-ion,4416,450,121,470,5.6,124,CCS,1600,854,5,RWD,JD - Large,4790,1982,1624,SUV
Tesla,Model Y RWD (Juniper),201,60.5,Lithium-ion,,420,121,375,5.9,110,CCS,1600,854,5,RWD,JD - Large,4790,1982,1624,SUV
Toyota,PROACE Verso L 75 kWh,130,68,Lithium-ion,324,260,204,260,13.3,79,CCS,1000,989,9,FWD,N - Passenger Van,5333,1920,1890,Small Passenger Van
Toyota,PROACE Verso M 50 kWh,130,46.3,Lithium-ion,216,260,217,180,12.1,78,CCS,1000,603,9,FWD,N - Passenger Van,4983,1920,1890,Small Passenger Van
Toyota,PROACE Verso M 75 kWh,130,68,Lithium-ion,324,260,202,260,13.3,79,CCS,1000,603,9,FWD,N - Passenger Van,4983,1920,1890,Small Passenger Van
Toyota,Proace City Verso Electric L1 50 kWh,132,50,Lithium-ion,,260,149,235,11.7,80,CCS,750,775,5,FWD,N - Passenger Van,4403,1921,1803,Small Passenger Van
Toyota,Proace City Verso Electric L2 50 kWh,132,50,Lithium-ion,,260,149,230,11.7,80,CCS,750,1050,7,FWD,N - Passenger Van,4753,1921,1814,Small Passenger Van
Toyota,bZ4X AWD,160,64,Lithium-ion,96,336,154,345,6.9,100,CCS,750,452,5,AWD,JC - Medium,4690,1860,1600,SUV
Toyota,bZ4X FWD,160,64,Lithium-ion,96,265,145,350,7.5,100,CCS,750,452,5,FWD,JC - Medium,4690,1860,1600,SUV
VinFast,VF 8 Eco Extended Range,200,87.7,Lithium-ion,,500,186,405,5.9,120,CCS,1800,376,5,AWD,JD - Large,4750,1934,1667,SUV
VinFast,VF 8 Plus Extended Range,200,87.7,Lithium-ion,,620,196,400,5.5,120,CCS,1800,376,5,AWD,JD - Large,4750,1934,1667,SUV
Volkswagen,ID. Buzz LWB GTX,160,86,Lithium-ion,312,560,182,350,6.5,145,CCS,1600,1340,7,AWD,N - Passenger Van,4960,1985,1927,Small Passenger Van
Volkswagen,ID. Buzz LWB Pro,160,86,Lithium-ion,312,560,190,370,7.9,145,CCS,1000,1340,7,RWD,N - Passenger Van,4962,1985,1924,Small Passenger Van
Volkswagen,ID. Buzz NWB GTX,160,79,Lithium-ion,288,560,194,330,6.5,135,CCS,1800,1121,6,AWD,N - Passenger Van,4712,1985,1925,Small Passenger Van
Volkswagen,ID. Buzz NWB Pro,160,79,Lithium-ion,288,560,187,360,7.6,135,CCS,1200,1121,6,RWD,N - Passenger Van,4712,1985,1927,Small Passenger Van
Volkswagen,ID. Buzz NWB Pure,145,59,Lithium-ion,216,310,178,275,10.7,110,CCS,1000,1121,6,RWD,N - Passenger Van,4712,1985,1927,Small Passenger Van
Volkswagen,ID.3 GTX,180,79,Lithium-ion,288,545,131,470,5.9,135,CCS,0,385,5,RWD,C - Medium,4322,1809,1538,Hatchback
Volkswagen,ID.3 GTX Performance,200,79,Lithium-ion,288,545,131,465,5.6,135,CCS,0,385,5,RWD,C - Medium,4322,1809,1538,Hatchback
Volkswagen,ID.3 Pro,160,59,Lithium-ion,216,310,136,365,7.6,110,CCS,0,385,5,RWD,C - Medium,4264,1809,1564,Hatchback
Volkswagen,ID.3 Pro S,160,77,Lithium-ion,288,310,138,465,7.1,120,CCS,0,385,5,RWD,C - Medium,4264,1809,1564,Hatchback
Volkswagen,ID.3 Pure,160,52,Lithium-ion,192,310,134,325,8.2,90,CCS,0,385,5,RWD,C - Medium,4264,1809,1564,Hatchback
Volkswagen,ID.4 GTX,180,77,Lithium-ion,288,679,152,420,5.4,120,CCS,1200,543,5,AWD,JC - Medium,4584,1852,1631,SUV
Volkswagen,ID.4 Pro,180,77,Lithium-ion,288,545,149,445,6.7,120,CCS,1000,543,5,RWD,JC - Medium,4584,1852,1631,SUV
Volkswagen,ID.4 Pro 4MOTION,180,77,Lithium-ion,288,679,155,435,6.6,120,CCS,1200,543,5,AWD,JC - Medium,4584,1852,1631,SUV
Volkswagen,ID.4 Pure,160,52,Lithium-ion,192,310,143,285,9,87,CCS,1000,543,5,RWD,JC - Medium,4584,1852,1640,SUV
Volkswagen,ID.5 GTX,180,77,Lithium-ion,288,679,144,430,5.5,120,CCS,1200,549,5,AWD,JC - Medium,4599,1852,1615,SUV
Volkswagen,ID.5 Pro,180,77,Lithium-ion,288,545,138,460,6.7,120,CCS,1000,549,5,RWD,JC - Medium,4599,1852,1615,SUV
Volkswagen,ID.5 Pure,160,52,Lithium-ion,288,310,142,320,8.9,87,CCS,1000,549,5,RWD,JC - Medium,4599,1852,1615,SUV
Volkswagen,ID.7 GTX,180,86,Lithium-ion,312,560,145,500,5.4,145,CCS,1200,532,5,AWD,E - Executive,4961,1862,1536,Liftback Sedan
Volkswagen,ID.7 Pro,180,77,Lithium-ion,288,550,132,475,6.5,125,CCS,1000,532,5,RWD,E - Executive,4961,1862,1536,Liftback Sedan
Volkswagen,ID.7 Pro S,180,86,Lithium-ion,312,550,133,525,6.6,145,CCS,1000,532,5,RWD,E - Executive,4961,1862,1536,Liftback Sedan
Volkswagen,ID.7 Tourer GTX,180,86,Lithium-ion,312,560,147,500,5.5,145,CCS,1200,605,5,AWD,E - Executive,4961,1862,1536,Station/Estate
Volkswagen,ID.7 Tourer Pro,180,77,Lithium-ion,288,550,146,470,6.6,125,CCS,1000,605,5,RWD,E - Executive,4961,1862,1536,Station/Estate
Volkswagen,ID.7 Tourer Pro S,180,86,Lithium-ion,312,550,125,520,6.7,145,CCS,1000,605,5,RWD,E - Executive,4961,1862,1536,Station/Estate
Volvo,EC40 Single Motor (MY26),180,67,Lithium-ion,,420,151,360,7.3,110,CCS,1500,404,5,RWD,JC - Medium,4440,1873,1596,SUV
Volvo,EC40 Single Motor ER (MY26),180,79,Lithium-ion,324,420,146,420,7.3,125,CCS,1500,404,5,RWD,JC - Medium,4440,1873,1596,SUV
Volvo,EC40 Twin Motor (MY26),180,79,Lithium-ion,324,670,155,400,4.8,125,CCS,1800,404,5,AWD,JC - Medium,4440,1873,1596,SUV
Volvo,EC40 Twin Motor Performance (MY26),180,79,Lithium-ion,324,670,155,400,4.6,125,CCS,1800,404,5,AWD,JC - Medium,4440,1873,1596,SUV
Volvo,ES90 Single Motor (MY26),180,88,Lithium-ion,,480,135,485,6.9,190,CCS,1600,446,5,RWD,F - Luxury,5000,1942,1546,Liftback Sedan
Volvo,ES90 Twin Motor (MY26),180,102,Lithium-ion,,670,146,530,5.5,225,CCS,2000,446,5,AWD,F - Luxury,5000,1942,1546,Liftback Sedan
Volvo,ES90 Twin Motor Performance (MY26),180,102,Lithium-ion,,870,146,530,4,225,CCS,2000,446,5,AWD,F - Luxury,5000,1942,1546,Liftback Sedan
Volvo,EX30 Cross Country (MY26),180,65,Lithium-ion,,543,152,330,3.7,114,CCS,1600,318,5,AWD,JB - Compact,4233,1837,1573,SUV
Volvo,EX30 Single Motor (MY24-26),180,49,Lithium-ion,,343,147,275,5.7,80,CCS,1000,318,5,RWD,JB - Compact,4233,1837,1549,SUV
Volvo,EX30 Single Motor ER (MY24-26),180,65,Lithium-ion,,343,138,365,5.3,113,CCS,1600,318,5,RWD,JB - Compact,4233,1837,1549,SUV
Volvo,EX30 Twin Motor Performance (MY24-26),180,65,Lithium-ion,,543,145,340,3.6,113,CCS,1600,318,5,AWD,JB - Compact,4233,1837,1549,SUV
Volvo,EX40 Single Motor (MY26),180,67,Lithium-ion,,420,154,345,7.3,110,CCS,1500,410,5,RWD,JC - Medium,4440,1863,1652,SUV
Volvo,EX40 Single Motor ER (MY26),180,79,Lithium-ion,324,420,152,400,7.3,125,CCS,1500,410,5,RWD,JC - Medium,4440,1863,1652,SUV
Volvo,EX40 Twin Motor (MY26),180,79,Lithium-ion,324,670,163,385,4.8,125,CCS,1800,410,5,AWD,JC - Medium,4440,1863,1652,SUV
Volvo,EX40 Twin Motor Performance (MY26),180,79,Lithium-ion,324,670,163,385,4.6,125,CCS,1800,410,5,AWD,JC - Medium,4440,1863,1652,SUV
Volvo,EX90 Single Motor (MY24-26),180,100,Lithium-ion,192,490,182,460,8.4,140,CCS,1200,310,7,RWD,JF - Luxury,5037,1964,1744,SUV
Volvo,EX90 Twin Motor (MY24-26),180,107,Lithium-ion,204,770,188,470,5.9,150,CCS,2200,310,7,AWD,JF - Luxury,5037,1964,1744,SUV
Volvo,EX90 Twin Motor Performance (MY24-26),180,107,Lithium-ion,204,910,188,455,4.9,150,CCS,2200,310,7,AWD,JF - Luxury,5037,1964,1744,SUV
Voyah,Free 106 kWh,200,100,Lithium-ion,,720,200,480,4.4,80,CCS,2000,550,5,AWD,JE - Executive,4905,1950,1645,SUV
XPENG,G6 AWD Performance,200,87.5,Lithium-ion,,660,159,475,4.1,180,CCS,1500,571,5,AWD,JD - Large,4753,1920,1650,SUV
XPENG,G6 RWD Long Range,200,87.5,Lithium-ion,,440,154,480,6.7,180,CCS,1500,571,5,RWD,JD - Large,4753,1920,1650,SUV
XPENG,G6 RWD Standard Range,200,66,Lithium-ion,,440,152,370,6.9,140,CCS,1500,571,5,RWD,JD - Large,4753,1920,1650,SUV
XPENG,G9 AWD Performance,200,93.1,Lithium-ion,,717,179,465,3.9,224,CCS,1500,660,5,AWD,JE - Executive,4891,1937,1670,SUV
XPENG,G9 RWD Long Range,200,93.1,Lithium-ion,,430,163,480,6.4,224,CCS,1500,660,5,RWD,JE - Executive,4891,1937,1670,SUV
XPENG,G9 RWD Standard Range,200,75.8,Lithium-ion,,430,165,395,6.4,170,CCS,1500,660,5,RWD,JE - Executive,4891,1937,1680,SUV
XPENG,P7 AWD Performance,200,82.7,Lithium-ion,,757,164,460,4.1,138,CCS,0,440,5,AWD,E - Executive,4888,1896,1450,Sedan
XPENG,P7 RWD Long Range,200,82.7,Lithium-ion,,440,144,495,6.7,138,CCS,0,440,5,RWD,E - Executive,4888,1896,1450,Sedan
XPENG,P7 Wing Edition,200,82.7,Lithium-ion,,757,164,455,4.1,138,CCS,0,440,5,AWD,E - Executive,4888,1896,1450,Sedan
Zeekr,001 Long Range RWD,200,94,Lithium-ion,110,343,152,505,7.2,135,CCS,1500,539,5,RWD,E - Executive,4955,1999,1560,Liftback Sedan
Zeekr,001 Performance AWD,200,94,Lithium-ion,110,686,159,480,3.8,135,CCS,2000,539,5,AWD,E - Executive,4955,1999,1560,Liftback Sedan
Zeekr,001 Privilege AWD,200,94,Lithium-ion,110,686,162,480,3.8,135,CCS,2000,539,5,AWD,E - Executive,4955,1999,1548,Liftback Sedan
Zeekr,7X Long Range RWD,210,94,Lithium-ion,,440,153,475,6,260,CCS,2000,539,5,RWD,JD - Large,4787,1930,1650,SUV
Zeekr,7X Performance AWD,210,94,Lithium-ion,,710,173,450,3.8,260,CCS,2000,539,5,AWD,JD - Large,4787,1930,1650,SUV,https: //ev-database.org/car/3083/Zeekr-7X-Performance-AWD
Zeekr,7X Premium RWD,210,71,Lithium-ion,,440,148,365,6,240,CCS,2000,539,5,RWD,JD - Large,4787,1930,1650,SUV,https: //ev-database.org/car/3081/Zeekr-7X-Premium-RWD
Zeekr,X Core RWD (MY25),190,49,Lithium-ion,,343,148,265,5.9,70,CCS,1600,362,5,RWD,JB - Compact,4432,1836,1566,SUV,https: //ev-database.org/car/3197/Zeekr-X-Core-RWD
Zeekr,X Long Range RWD (MY25),190,65,Lithium-ion,,343,146,360,5.6,114,CCS,1600,362,5,RWD,JB - Compact,4432,1836,1566,SUV,https: //ev-database.org/car/3198/Zeekr-X-Long-Range-RWD
Zeekr,X Privilege AWD (MY25),190,65,Lithium-ion,,543,153,350,3.8,114,CCS,1600,362,5,AWD,JB - Compact,4432,1836,1566,SUV,https: //ev-database.org/car/3199/Zeekr-X-Privilege-AWD
Firefly,,150,41.2,Lithium-ion,112,200,125,250,8.1,65,CCS,0,404,5,RWD,B - Compact,4003,1885,1557,Hatchback,https: //ev-database.org/car/3178/firefly-firefly